{
  "dataset": "FS_LostFound_full",
  "temp": 2.0,
  "num_images": 100,
  "anomaly_frac": 0.0027995798473387816,
  "msp": {
    "AuPRC": 17.552063682293586,
    "FPR95": 10.603819308251197
  },
  "max_logit": {
    "AuPRC": 17.550302458379836,
    "FPR95": 10.45468583977132
  },
  "max_entropy": {
    "AuPRC": 20.29851478954325,
    "FPR95": 10.385327983017314
  },
  "rba": {
    "AuPRC": 17.810470203840893,
    "FPR95": 52.70864979406875
  }
}