{
  "dataset": "RoadObsticle21",
  "temp": 0.25,
  "num_images": 30,
  "anomaly_frac": 0.00674684569809698,
  "msp": {
    "AuPRC": 93.85860926799447,
    "FPR95": 0.5768869428043402
  },
  "max_logit": {
    "AuPRC": 93.85232389655029,
    "FPR95": 0.5793521150497457
  },
  "max_entropy": {
    "AuPRC": 93.92161697309383,
    "FPR95": 0.5705696118060292
  },
  "rba": {
    "AuPRC": 92.7685760259245,
    "FPR95": 0.9292966617590024
  }
}