{
  "dataset": "FS_LostFound_full",
  "temp": 1.5,
  "num_images": 100,
  "anomaly_frac": 0.0027995798473387816,
  "msp": {
    "AuPRC": 17.313008843773957,
    "FPR95": 11.443944684771488
  },
  "max_logit": {
    "AuPRC": 17.307266584704944,
    "FPR95": 11.28412662573401
  },
  "max_entropy": {
    "AuPRC": 19.700858071961633,
    "FPR95": 11.22110053057729
  },
  "rba": {
    "AuPRC": 17.574117653413936,
    "FPR95": 9.51890989740442
  }
}