{
  "dataset": "fs_static",
  "temp": 0.75,
  "num_images": 30,
  "anomaly_frac": 0.01373011780073849,
  "msp": {
    "AuPRC": 22.500490709179466,
    "FPR95": 39.368783126520576
  },
  "max_logit": {
    "AuPRC": 22.48656762720368,
    "FPR95": 44.49422485305429
  },
  "max_entropy": {
    "AuPRC": 25.882928111694937,
    "FPR95": 40.46192243446837
  },
  "rba": {
    "AuPRC": 23.722749149682883,
    "FPR95": 83.84505442073936
  }
}