{
  "dataset": "RoadAnomaly21",
  "temp": 1.0,
  "num_images": 10,
  "anomaly_frac": 0.14806624281499925,
  "msp": {
    "AuPRC": 68.39603808824496,
    "FPR95": 30.005634709812444
  },
  "max_logit": {
    "AuPRC": 67.72949173509988,
    "FPR95": 31.26873343072012
  },
  "max_entropy": {
    "AuPRC": 68.48035580879832,
    "FPR95": 30.361941032167987
  },
  "rba": {
    "AuPRC": 62.74015008124226,
    "FPR95": 96.26910951790902
  }
}