{
  "dataset": "RoadObsticle21",
  "temp": 0.75,
  "num_images": 30,
  "anomaly_frac": 0.00674684569809698,
  "msp": {
    "AuPRC": 93.83106169106073,
    "FPR95": 0.5070142262944378
  },
  "max_logit": {
    "AuPRC": 93.88005734398693,
    "FPR95": 0.5056115380528908
  },
  "max_entropy": {
    "AuPRC": 93.91776992344738,
    "FPR95": 0.49614862633379686
  },
  "rba": {
    "AuPRC": 93.5314434635368,
    "FPR95": 0.48895199822884444
  }
}