{
  "dataset": "RoadAnomaly21",
  "temp": 0.25,
  "num_images": 10,
  "anomaly_frac": 0.14806624281499925,
  "msp": {
    "AuPRC": 68.76965919926737,
    "FPR95": 52.94923614712531
  },
  "max_logit": {
    "AuPRC": 66.42756154411836,
    "FPR95": 100.0
  },
  "max_entropy": {
    "AuPRC": 67.899806520931,
    "FPR95": 52.97382037284096
  },
  "rba": {
    "AuPRC": 64.53173912688847,
    "FPR95": 96.59800766162182
  }
}