{
  "dataset": "fs_static",
  "temp": 0.5,
  "num_images": 30,
  "anomaly_frac": 0.01373011780073849,
  "msp": {
    "AuPRC": 22.271756167650903,
    "FPR95": 40.41866247259978
  },
  "max_logit": {
    "AuPRC": 22.24522782865428,
    "FPR95": 44.53575350423175
  },
  "max_entropy": {
    "AuPRC": 25.61873431187221,
    "FPR95": 42.00230053371881
  },
  "rba": {
    "AuPRC": 23.33875674067061,
    "FPR95": 83.93596438585583
  }
}