{
  "dataset": "RoadAnomaly",
  "temp": 0.25,
  "num_images": 60,
  "anomaly_frac": 0.09849560546875,
  "msp": {
    "AuPRC": 67.5018836087921,
    "FPR95": 17.94802632968654
  },
  "max_logit": {
    "AuPRC": 66.83167459798364,
    "FPR95": 17.201450435286457
  },
  "max_entropy": {
    "AuPRC": 66.88470276451235,
    "FPR95": 16.849319132774358
  },
  "rba": {
    "AuPRC": 66.42393596236296,
    "FPR95": 16.045149982887523
  }
}