{
  "dataset": "RoadAnomaly21",
  "temp": 2.5,
  "num_images": 10,
  "anomaly_frac": 0.14806624281499925,
  "msp": {
    "AuPRC": 71.60651248714073,
    "FPR95": 16.833068752696942
  },
  "max_logit": {
    "AuPRC": 71.10384817899569,
    "FPR95": 16.773805329353408
  },
  "max_entropy": {
    "AuPRC": 71.75852332121032,
    "FPR95": 16.198669047232592
  },
  "rba": {
    "AuPRC": 55.265824033180635,
    "FPR95": 98.10661873864316
  }
}