{
  "dataset": "FS_LostFound_full",
  "temp": 0.5,
  "num_images": 100,
  "anomaly_frac": 0.0027995798473387816,
  "msp": {
    "AuPRC": 14.519536103867651,
    "FPR95": 17.000635891535072
  },
  "max_logit": {
    "AuPRC": 14.513613221134092,
    "FPR95": 17.53066893024744
  },
  "max_entropy": {
    "AuPRC": 17.37030200848804,
    "FPR95": 17.075491501745034
  },
  "rba": {
    "AuPRC": 14.638438407979256,
    "FPR95": 19.56013047061146
  }
}