{
  "dataset": "fs_static",
  "temp": 2.5,
  "num_images": 30,
  "anomaly_frac": 0.01373011780073849,
  "msp": {
    "AuPRC": 23.167673922215943,
    "FPR95": 66.32274968474373
  },
  "max_logit": {
    "AuPRC": 23.289437493654265,
    "FPR95": 69.99806192026035
  },
  "max_entropy": {
    "AuPRC": 27.20650449359127,
    "FPR95": 67.80642023216895
  },
  "rba": {
    "AuPRC": 22.4179286124862,
    "FPR95": 98.10418248554413
  }
}