{
  "dataset": "RoadAnomaly21",
  "temp": 0.5,
  "num_images": 10,
  "anomaly_frac": 0.14806624281499925,
  "msp": {
    "AuPRC": 67.27943896162857,
    "FPR95": 56.120139402984684
  },
  "max_logit": {
    "AuPRC": 65.35311649263751,
    "FPR95": 99.99451044664642
  },
  "max_entropy": {
    "AuPRC": 67.54174749082166,
    "FPR95": 56.02357076971192
  },
  "rba": {
    "AuPRC": 63.88918051896704,
    "FPR95": 96.36255068929523
  }
}