{
  "dataset": "RoadAnomaly",
  "temp": 2.5,
  "num_images": 60,
  "anomaly_frac": 0.09849560546875,
  "msp": {
    "AuPRC": 70.2769246050105,
    "FPR95": 17.48557515631975
  },
  "max_logit": {
    "AuPRC": 69.40798151918376,
    "FPR95": 16.37341147881526
  },
  "max_entropy": {
    "AuPRC": 72.4966137764462,
    "FPR95": 16.54157937156029
  },
  "rba": {
    "AuPRC": 65.70056877131744,
    "FPR95": 93.90016410767856
  }
}