{
  "dataset": "RoadObsticle21",
  "temp": 1.5,
  "num_images": 30,
  "anomaly_frac": 0.00674684569809698,
  "msp": {
    "AuPRC": 92.35763599278083,
    "FPR95": 1.6158131116806769
  },
  "max_logit": {
    "AuPRC": 92.26039455050255,
    "FPR95": 1.6128925891479036
  },
  "max_entropy": {
    "AuPRC": 92.45712339159114,
    "FPR95": 1.5971699194553384
  },
  "rba": {
    "AuPRC": 87.32365247586482,
    "FPR95": 99.87202039969287
  }
}