{
  "dataset": "RoadAnomaly",
  "temp": 1.0,
  "num_images": 60,
  "anomaly_frac": 0.09849560546875,
  "msp": {
    "AuPRC": 71.31382539590881,
    "FPR95": 15.387561786620218
  },
  "max_logit": {
    "AuPRC": 70.72040174629578,
    "FPR95": 15.117336879842153
  },
  "max_entropy": {
    "AuPRC": 73.29693590830917,
    "FPR95": 14.617980686580212
  },
  "rba": {
    "AuPRC": 70.0810350131069,
    "FPR95": 15.229034896517799
  }
}