{
  "dataset": "RoadAnomaly",
  "temp": 0.75,
  "num_images": 60,
  "anomaly_frac": 0.09849560546875,
  "msp": {
    "AuPRC": 71.22951309407188,
    "FPR95": 15.629170608775556
  },
  "max_logit": {
    "AuPRC": 70.60541629791486,
    "FPR95": 15.215395866770171
  },
  "max_entropy": {
    "AuPRC": 72.50530118990451,
    "FPR95": 14.862787128005694
  },
  "rba": {
    "AuPRC": 70.2473735562924,
    "FPR95": 14.1391723064827
  }
}