{
  "dataset": "RoadObsticle21",
  "temp": 1.0,
  "num_images": 30,
  "anomaly_frac": 0.00674684569809698,
  "msp": {
    "AuPRC": 93.43964480327566,
    "FPR95": 0.5104162686713245
  },
  "max_logit": {
    "AuPRC": 93.52043806903643,
    "FPR95": 0.49310248992864614
  },
  "max_entropy": {
    "AuPRC": 93.55930649556836,
    "FPR95": 0.48659673812176907
  },
  "rba": {
    "AuPRC": 93.24141821978957,
    "FPR95": 0.47304614163906217
  }
}