{
  "dataset": "fs_static",
  "temp": 1.0,
  "num_images": 30,
  "anomaly_frac": 0.01373011780073849,
  "msp": {
    "AuPRC": 22.911840526033295,
    "FPR95": 39.989135882879324
  },
  "max_logit": {
    "AuPRC": 22.904042953215882,
    "FPR95": 46.609949232497236
  },
  "max_entropy": {
    "AuPRC": 26.53282308433047,
    "FPR95": 39.97739109685165
  },
  "rba": {
    "AuPRC": 24.231909585025676,
    "FPR95": 78.52440598844214
  }
}