{
  "dataset": "RoadObsticle21",
  "temp": 2.0,
  "num_images": 30,
  "anomaly_frac": 0.00674684569809698,
  "msp": {
    "AuPRC": 90.70951522787976,
    "FPR95": 2.9129071917605676
  },
  "max_logit": {
    "AuPRC": 89.92068703418134,
    "FPR95": 2.9542498575067637
  },
  "max_entropy": {
    "AuPRC": 90.23756827007885,
    "FPR95": 2.922333466100218
  },
  "rba": {
    "AuPRC": 78.44813386925881,
    "FPR95": 99.99839318921585
  }
}