{
  "dataset": "RoadAnomaly",
  "temp": 0.5,
  "num_images": 60,
  "anomaly_frac": 0.09849560546875,
  "msp": {
    "AuPRC": 70.21167131481273,
    "FPR95": 16.6008416478957
  },
  "max_logit": {
    "AuPRC": 69.51543217092305,
    "FPR95": 16.06470079681904
  },
  "max_entropy": {
    "AuPRC": 70.59190046372639,
    "FPR95": 15.750256867724902
  },
  "rba": {
    "AuPRC": 69.32740595643327,
    "FPR95": 13.788164383387972
  }
}