{
  "dataset": "RoadObsticle21",
  "temp": 2.5,
  "num_images": 30,
  "anomaly_frac": 0.00674684569809698,
  "msp": {
    "AuPRC": 88.3475336964225,
    "FPR95": 3.9887219678250534
  },
  "max_logit": {
    "AuPRC": 85.98216814376968,
    "FPR95": 11.64347956707179
  },
  "max_entropy": {
    "AuPRC": 86.54625460923907,
    "FPR95": 11.537785961288945
  },
  "rba": {
    "AuPRC": 74.06823242942953,
    "FPR95": 99.99856067437901
  }
}