{
  "dataset": "RoadAnomaly21",
  "temp": 0.75,
  "num_images": 10,
  "anomaly_frac": 0.14806624281499925,
  "msp": {
    "AuPRC": 66.93261034850279,
    "FPR95": 46.35992467699389
  },
  "max_logit": {
    "AuPRC": 65.7628256152308,
    "FPR95": 55.80112509451665
  },
  "max_entropy": {
    "AuPRC": 66.87178730305241,
    "FPR95": 46.23292597152558
  },
  "rba": {
    "AuPRC": 63.403627836424526,
    "FPR95": 96.24048730342847
  }
}