{
  "dataset": "fs_static",
  "temp": 2.0,
  "num_images": 30,
  "anomaly_frac": 0.01373011780073849,
  "msp": {
    "AuPRC": 23.27965595427805,
    "FPR95": 66.35848576184151
  },
  "max_logit": {
    "AuPRC": 23.364894237688986,
    "FPR95": 73.59250617275926
  },
  "max_entropy": {
    "AuPRC": 27.258371240557505,
    "FPR95": 66.53271339107435
  },
  "rba": {
    "AuPRC": 23.4821332871628,
    "FPR95": 95.18476315840786
  }
}