{
  "dataset": "fs_static",
  "temp": 1.5,
  "num_images": 30,
  "anomaly_frac": 0.01373011780073849,
  "msp": {
    "AuPRC": 23.273853478054978,
    "FPR95": 61.92991844367369
  },
  "max_logit": {
    "AuPRC": 23.311792675230105,
    "FPR95": 82.31047269647021
  },
  "max_entropy": {
    "AuPRC": 27.377802159419684,
    "FPR95": 61.97425406070276
  },
  "rba": {
    "AuPRC": 24.46481913453914,
    "FPR95": 81.08711449877872
  }
}