{
  "dataset": "FS_LostFound_full",
  "temp": 1.0,
  "num_images": 100,
  "anomaly_frac": 0.0027995798473387816,
  "msp": {
    "AuPRC": 16.329888732210193,
    "FPR95": 12.98992717998091
  },
  "max_logit": {
    "AuPRC": 16.312032564074013,
    "FPR95": 12.876891159010592
  },
  "max_entropy": {
    "AuPRC": 18.699303107438716,
    "FPR95": 12.819313446849032
  },
  "rba": {
    "AuPRC": 16.449476598277162,
    "FPR95": 9.081762678733998
  }
}