{
  "dataset": "RoadAnomaly21",
  "temp": 2.0,
  "num_images": 10,
  "anomaly_frac": 0.14806624281499925,
  "msp": {
    "AuPRC": 70.76557052126495,
    "FPR95": 18.201986532119825
  },
  "max_logit": {
    "AuPRC": 70.51077777482635,
    "FPR95": 18.165934946153552
  },
  "max_entropy": {
    "AuPRC": 71.1349576036016,
    "FPR95": 17.80520794982337
  },
  "rba": {
    "AuPRC": 57.23203233279608,
    "FPR95": 97.84393833225785
  }
}