{
  "dataset": "RoadAnomaly",
  "temp": 2.0,
  "num_images": 60,
  "anomaly_frac": 0.09849560546875,
  "msp": {
    "AuPRC": 70.57200678120074,
    "FPR95": 15.970920681850384
  },
  "max_logit": {
    "AuPRC": 69.8481469827132,
    "FPR95": 16.171413817330123
  },
  "max_entropy": {
    "AuPRC": 73.04455517172799,
    "FPR95": 15.190667477345398
  },
  "rba": {
    "AuPRC": 66.88813727939882,
    "FPR95": 90.10807852831358
  }
}