{
  "dataset": "RoadAnomaly",
  "temp": 1.5,
  "num_images": 60,
  "anomaly_frac": 0.09849560546875,
  "msp": {
    "AuPRC": 70.95185068981179,
    "FPR95": 16.72406232773804
  },
  "max_logit": {
    "AuPRC": 70.32427757900378,
    "FPR95": 16.248712351418277
  },
  "max_entropy": {
    "AuPRC": 73.53062730418603,
    "FPR95": 15.869024150591256
  },
  "rba": {
    "AuPRC": 68.42011516534153,
    "FPR95": 18.157191553061413
  }
}