{
  "dataset": "FS_LostFound_full",
  "temp": 0.25,
  "num_images": 100,
  "anomaly_frac": 0.0027995798473387816,
  "msp": {
    "AuPRC": 13.133253643243922,
    "FPR95": 16.97996142333252
  },
  "max_logit": {
    "AuPRC": 13.135720374571164,
    "FPR95": 17.429227326897994
  },
  "max_entropy": {
    "AuPRC": 16.5080885290002,
    "FPR95": 17.32281223736678
  },
  "rba": {
    "AuPRC": 13.344217449329415,
    "FPR95": 27.44658492297597
  }
}