{
  "dataset": "FS_LostFound_full",
  "temp": 0.75,
  "num_images": 100,
  "anomaly_frac": 0.0027995798473387816,
  "msp": {
    "AuPRC": 15.364860262854124,
    "FPR95": 15.704027708019144
  },
  "max_logit": {
    "AuPRC": 15.355019276018417,
    "FPR95": 15.507420427277358
  },
  "max_entropy": {
    "AuPRC": 18.26040731257602,
    "FPR95": 15.5005579332265
  },
  "rba": {
    "AuPRC": 15.51094825981859,
    "FPR95": 11.090832455557887
  }
}