{
  "dataset": "FS_LostFound_full",
  "temp": 2.5,
  "num_images": 100,
  "anomaly_frac": 0.0027995798473387816,
  "msp": {
    "AuPRC": 17.55401174128822,
    "FPR95": 12.921805935721164
  },
  "max_logit": {
    "AuPRC": 17.559275388123556,
    "FPR95": 12.935432182901287
  },
  "max_entropy": {
    "AuPRC": 20.448098775744718,
    "FPR95": 12.889268451081257
  },
  "rba": {
    "AuPRC": 17.74660469232924,
    "FPR95": 56.80540005166501
  }
}