{
  "dataset": "fs_static",
  "temp": 0.25,
  "num_images": 30,
  "anomaly_frac": 0.01373011780073849,
  "msp": {
    "AuPRC": 22.198157300801626,
    "FPR95": 40.37586432027887
  },
  "max_logit": {
    "AuPRC": 22.169252599012484,
    "FPR95": 44.49012368019867
  },
  "max_entropy": {
    "AuPRC": 25.44206451733932,
    "FPR95": 41.96245378151133
  },
  "rba": {
    "AuPRC": 23.22814405162251,
    "FPR95": 83.85755558619083
  }
}