{
  "dataset": "RoadObsticle21",
  "temp": 0.5,
  "num_images": 30,
  "anomaly_frac": 0.00674684569809698,
  "msp": {
    "AuPRC": 93.9648895064635,
    "FPR95": 0.5553336958689261
  },
  "max_logit": {
    "AuPRC": 93.99539399330588,
    "FPR95": 0.5532453652406526
  },
  "max_entropy": {
    "AuPRC": 94.04684857342136,
    "FPR95": 0.5432956997660965
  },
  "rba": {
    "AuPRC": 93.21847251894425,
    "FPR95": 0.685260311197901
  }
}