{
  "dataset": "RoadAnomaly21",
  "temp": 1.5,
  "num_images": 10,
  "anomaly_frac": 0.14806624281499925,
  "msp": {
    "AuPRC": 70.17420030849544,
    "FPR95": 21.196313553786407
  },
  "max_logit": {
    "AuPRC": 69.83367297262305,
    "FPR95": 21.143766915675975
  },
  "max_entropy": {
    "AuPRC": 70.44583009698766,
    "FPR95": 20.883105503673118
  },
  "rba": {
    "AuPRC": 60.55107615385032,
    "FPR95": 96.74912873134575
  }
}