{
  "dataset": "RoadAnomaly21",
  "temp": 2.0,
  "num_images": 10,
  "anomaly_frac": 0.14806624281499925,
  "msp": {
    "AuPRC": 34.76303235622387,
    "FPR95": 77.57588713689442
  },
  "max_logit": {
    "AuPRC": 35.07487039627433,
    "FPR95": 77.56939468437048
  },
  "max_entropy": {
    "AuPRC": 39.07906031801077,
    "FPR95": 65.43046147877483
  },
  "rba": {
    "AuPRC": 14.72333339616812,
    "FPR95": 82.55348685608264
  }
}