{
  "dataset": "FS_LostFound_full",
  "temp": 0.5,
  "num_images": 100,
  "anomaly_frac": 0.0027995798473387816,
  "msp": {
    "AuPRC": 1.3002281247315912,
    "FPR95": 97.10591886938072
  },
  "max_logit": {
    "AuPRC": 1.3034547680767057,
    "FPR95": 97.11060788766932
  },
  "max_entropy": {
    "AuPRC": 1.1540384060293551,
    "FPR95": 93.63796843280949
  },
  "rba": {
    "AuPRC": 0.7000268226390259,
    "FPR95": 96.01519373580071
  }
}