{
  "dataset": "fs_static",
  "temp": 0.5,
  "num_images": 30,
  "anomaly_frac": 0.01373011780073849,
  "msp": {
    "AuPRC": 1.6064975214962203,
    "FPR95": 96.87088302964699
  },
  "max_logit": {
    "AuPRC": 1.5922314252528078,
    "FPR95": 96.85102521909631
  },
  "max_entropy": {
    "AuPRC": 1.5113495080200097,
    "FPR95": 97.8549174563895
  },
  "rba": {
    "AuPRC": 1.1153711416424232,
    "FPR95": 97.47859208674326
  }
}