{
  "dataset": "RoadAnomaly",
  "temp": 2.5,
  "num_images": 60,
  "anomaly_frac": 0.09849560546875,
  "msp": {
    "AuPRC": 18.354693282836593,
    "FPR95": 92.71340201875694
  },
  "max_logit": {
    "AuPRC": 17.916562975100543,
    "FPR95": 92.35501389409706
  },
  "max_entropy": {
    "AuPRC": 17.47004560507429,
    "FPR95": 88.905354421492
  },
  "rba": {
    "AuPRC": 10.111847486760336,
    "FPR95": 94.75230757679097
  }
}