{
  "dataset": "FS_LostFound_full",
  "temp": 1.0,
  "num_images": 100,
  "anomaly_frac": 0.0027995798473387816,
  "msp": {
    "AuPRC": 1.4863407514548939,
    "FPR95": 97.22086035504039
  },
  "max_logit": {
    "AuPRC": 1.4908032537882752,
    "FPR95": 97.23959644491305
  },
  "max_entropy": {
    "AuPRC": 1.3786809162465588,
    "FPR95": 96.93275903105628
  },
  "rba": {
    "AuPRC": 0.23146446602461704,
    "FPR95": 97.74082299523721
  }
}