{
  "dataset": "RoadAnomaly",
  "temp": 1.5,
  "num_images": 60,
  "anomaly_frac": 0.09849560546875,
  "msp": {
    "AuPRC": 18.67633469254495,
    "FPR95": 98.2660979718849
  },
  "max_logit": {
    "AuPRC": 18.827745434957173,
    "FPR95": 98.1945447211027
  },
  "max_entropy": {
    "AuPRC": 19.472535554713918,
    "FPR95": 97.84672238107007
  },
  "rba": {
    "AuPRC": 12.57572536012621,
    "FPR95": 93.34203912261098
  }
}