{
  "dataset": "fs_static",
  "temp": 1.5,
  "num_images": 30,
  "anomaly_frac": 0.01373011780073849,
  "msp": {
    "AuPRC": 2.8115056848551876,
    "FPR95": 96.62227555647385
  },
  "max_logit": {
    "AuPRC": 2.8586663763402282,
    "FPR95": 96.59031757559337
  },
  "max_entropy": {
    "AuPRC": 2.4993999147647505,
    "FPR95": 96.27664056701546
  },
  "rba": {
    "AuPRC": 1.097788681624652,
    "FPR95": 95.32089054973086
  }
}