{
  "dataset": "FS_LostFound_full",
  "temp": 2.5,
  "num_images": 100,
  "anomaly_frac": 0.0027995798473387816,
  "msp": {
    "AuPRC": 1.1133866561370034,
    "FPR95": 96.17598333497745
  },
  "max_logit": {
    "AuPRC": 0.8997731110688809,
    "FPR95": 96.38328754889204
  },
  "max_entropy": {
    "AuPRC": 0.502324487774985,
    "FPR95": 95.86124841062382
  },
  "rba": {
    "AuPRC": 0.15217979874582382,
    "FPR95": 99.6644025294979
  }
}