{
  "dataset": "RoadAnomaly",
  "temp": 1.0,
  "num_images": 60,
  "anomaly_frac": 0.09849560546875,
  "msp": {
    "AuPRC": 18.071545055352196,
    "FPR95": 98.73815805133952
  },
  "max_logit": {
    "AuPRC": 18.18447723863743,
    "FPR95": 98.7253475139122
  },
  "max_entropy": {
    "AuPRC": 19.50675743925617,
    "FPR95": 98.62215508425376
  },
  "rba": {
    "AuPRC": 15.112506657611288,
    "FPR95": 78.19096073955437
  }
}