{
  "dataset": "RoadAnomaly",
  "temp": 0.5,
  "num_images": 60,
  "anomaly_frac": 0.09849560546875,
  "msp": {
    "AuPRC": 17.408301315427792,
    "FPR95": 99.17656890517468
  },
  "max_logit": {
    "AuPRC": 17.585151581646073,
    "FPR95": 99.15125475362514
  },
  "max_entropy": {
    "AuPRC": 18.899705686721507,
    "FPR95": 99.05132814841575
  },
  "rba": {
    "AuPRC": 17.738207593955995,
    "FPR95": 84.25441919909989
  }
}