{
  "dataset": "RoadObsticle21",
  "temp": 2.0,
  "num_images": 30,
  "anomaly_frac": 0.00674684569809698,
  "msp": {
    "AuPRC": 0.6021522676928087,
    "FPR95": 99.99774941811991
  },
  "max_logit": {
    "AuPRC": 0.5390696790520387,
    "FPR95": 99.99787503199228
  },
  "max_entropy": {
    "AuPRC": 0.7976509160474932,
    "FPR95": 99.99864441696059
  },
  "rba": {
    "AuPRC": 8.777145653360192,
    "FPR95": 99.99390249327836
  }
}