{
  "dataset": "fs_static",
  "temp": 1.0,
  "num_images": 30,
  "anomaly_frac": 0.01373011780073849,
  "msp": {
    "AuPRC": 2.2424436438640107,
    "FPR95": 96.65919561442848
  },
  "max_logit": {
    "AuPRC": 2.248620669158713,
    "FPR95": 96.6351397080307
  },
  "max_entropy": {
    "AuPRC": 2.0776917509080857,
    "FPR95": 95.81285265002852
  },
  "rba": {
    "AuPRC": 0.9555116279388619,
    "FPR95": 94.28859987593097
  }
}