{
  "dataset": "RoadObsticle21",
  "temp": 1.0,
  "num_images": 30,
  "anomaly_frac": 0.00674684569809698,
  "msp": {
    "AuPRC": 1.2890205078534496,
    "FPR95": 99.97116638237806
  },
  "max_logit": {
    "AuPRC": 1.2547971801015676,
    "FPR95": 99.97170024133565
  },
  "max_entropy": {
    "AuPRC": 2.111986315367559,
    "FPR95": 99.97290404094593
  },
  "rba": {
    "AuPRC": 9.512389406170081,
    "FPR95": 99.99492310599142
  }
}