{
  "dataset": "RoadObsticle21",
  "temp": 2.5,
  "num_images": 30,
  "anomaly_frac": 0.00674684569809698,
  "msp": {
    "AuPRC": 0.6087709768706244,
    "FPR95": 99.99704284008779
  },
  "max_logit": {
    "AuPRC": 0.573882311462238,
    "FPR95": 99.99712134875803
  },
  "max_entropy": {
    "AuPRC": 2.259753015402734,
    "FPR95": 99.99770754682912
  },
  "rba": {
    "AuPRC": 10.687534031186336,
    "FPR95": 99.99534705281069
  }
}