{
  "dataset": "RoadObsticle21",
  "temp": 1.5,
  "num_images": 30,
  "anomaly_frac": 0.00674684569809698,
  "msp": {
    "AuPRC": 0.7877408290404311,
    "FPR95": 99.99826234143211
  },
  "max_logit": {
    "AuPRC": 0.7283070820194099,
    "FPR95": 99.9980896223576
  },
  "max_entropy": {
    "AuPRC": 0.730420121454055,
    "FPR95": 99.99837748748179
  },
  "rba": {
    "AuPRC": 5.595314668990183,
    "FPR95": 99.99342620734558
  }
}