{
  "dataset": "RoadAnomaly21",
  "temp": 2.5,
  "num_images": 10,
  "anomaly_frac": 0.14806624281499925,
  "msp": {
    "AuPRC": 36.026948084279354,
    "FPR95": 79.93271338329355
  },
  "max_logit": {
    "AuPRC": 36.09343338870927,
    "FPR95": 78.95439843864435
  },
  "max_entropy": {
    "AuPRC": 37.21829281422674,
    "FPR95": 66.58826898283591
  },
  "rba": {
    "AuPRC": 14.658887694130804,
    "FPR95": 82.81455734537869
  }
}