{
  "dataset": "RoadAnomaly21",
  "temp": 1.5,
  "num_images": 10,
  "anomaly_frac": 0.14806624281499925,
  "msp": {
    "AuPRC": 28.55309341965932,
    "FPR95": 77.04334767743067
  },
  "max_logit": {
    "AuPRC": 29.40055015527267,
    "FPR95": 76.58467965948934
  },
  "max_entropy": {
    "AuPRC": 37.221450406835785,
    "FPR95": 63.02178798447618
  },
  "rba": {
    "AuPRC": 16.36650462934949,
    "FPR95": 74.56550053246028
  }
}