{
  "dataset": "RoadObsticle21",
  "temp": 0.5,
  "num_images": 30,
  "anomaly_frac": 0.00674684569809698,
  "msp": {
    "AuPRC": 2.265283878605718,
    "FPR95": 99.89773984006214
  },
  "max_logit": {
    "AuPRC": 2.1962780197361695,
    "FPR95": 99.89891223620432
  },
  "max_entropy": {
    "AuPRC": 5.940466799069157,
    "FPR95": 99.93151950390894
  },
  "rba": {
    "AuPRC": 17.357347021888575,
    "FPR95": 99.9930231961717
  }
}