{
  "dataset": "fs_static",
  "temp": 2.0,
  "num_images": 30,
  "anomaly_frac": 0.01373011780073849,
  "msp": {
    "AuPRC": 3.256892321055456,
    "FPR95": 95.63097950717282
  },
  "max_logit": {
    "AuPRC": 3.3082536898728607,
    "FPR95": 95.58543710387715
  },
  "max_entropy": {
    "AuPRC": 2.7403037406259756,
    "FPR95": 93.87750385820021
  },
  "rba": {
    "AuPRC": 1.2451283163029925,
    "FPR95": 96.74833625983754
  }
}