{
  "dataset": "RoadAnomaly21",
  "temp": 0.5,
  "num_images": 10,
  "anomaly_frac": 0.14806624281499925,
  "msp": {
    "AuPRC": 23.241548329492467,
    "FPR95": 84.7590600723407
  },
  "max_logit": {
    "AuPRC": 24.541161233783438,
    "FPR95": 82.73326972841227
  },
  "max_entropy": {
    "AuPRC": 29.81433435840244,
    "FPR95": 55.05475697509775
  },
  "rba": {
    "AuPRC": 25.797761101376178,
    "FPR95": 62.01944304786336
  }
}