{
  "dataset": "fs_static",
  "temp": 2.5,
  "num_images": 30,
  "anomaly_frac": 0.01373011780073849,
  "msp": {
    "AuPRC": 3.320212236873992,
    "FPR95": 95.86729676493479
  },
  "max_logit": {
    "AuPRC": 3.2453246713065758,
    "FPR95": 95.83202819873713
  },
  "max_entropy": {
    "AuPRC": 2.390299353144201,
    "FPR95": 91.15825901525405
  },
  "rba": {
    "AuPRC": 0.9758366448127611,
    "FPR95": 97.2229624478141
  }
}