{
  "dataset": "FS_LostFound_full",
  "temp": 1.5,
  "num_images": 100,
  "anomaly_frac": 0.0027995798473387816,
  "msp": {
    "AuPRC": 1.5031584237017597,
    "FPR95": 96.90576808258953
  },
  "max_logit": {
    "AuPRC": 1.4522842300965577,
    "FPR95": 96.98543261077862
  },
  "max_entropy": {
    "AuPRC": 1.2247320455358532,
    "FPR95": 96.45704055214419
  },
  "rba": {
    "AuPRC": 0.15821047345072628,
    "FPR95": 99.61848623772545
  }
}