{
  "dataset": "RoadAnomaly21",
  "temp": 1.0,
  "num_images": 10,
  "anomaly_frac": 0.14806624281499925,
  "msp": {
    "AuPRC": 24.249094142561784,
    "FPR95": 77.89073149618041
  },
  "max_logit": {
    "AuPRC": 24.751369577390932,
    "FPR95": 77.30869368424248
  },
  "max_entropy": {
    "AuPRC": 33.21964258348572,
    "FPR95": 51.10076101572572
  },
  "rba": {
    "AuPRC": 22.37888413771443,
    "FPR95": 59.696015983045726
  }
}