{
  "dataset": "FS_LostFound_full",
  "temp": 2.0,
  "num_images": 100,
  "anomaly_frac": 0.0027995798473387816,
  "msp": {
    "AuPRC": 1.3617862130338716,
    "FPR95": 96.43864182708697
  },
  "max_logit": {
    "AuPRC": 1.2251990379466229,
    "FPR95": 96.64023905083079
  },
  "max_entropy": {
    "AuPRC": 0.8604394834137035,
    "FPR95": 96.13194605943319
  },
  "rba": {
    "AuPRC": 0.15215397314975232,
    "FPR95": 99.7060817777955
  }
}