{
  "dataset": "RoadAnomaly",
  "temp": 2.0,
  "num_images": 60,
  "anomaly_frac": 0.09849560546875,
  "msp": {
    "AuPRC": 18.545435419671534,
    "FPR95": 95.0167009407721
  },
  "max_logit": {
    "AuPRC": 18.408528470040363,
    "FPR95": 94.3779112954336
  },
  "max_entropy": {
    "AuPRC": 18.33943839052286,
    "FPR95": 93.10539523627347
  },
  "rba": {
    "AuPRC": 10.881370856216876,
    "FPR95": 94.95040149480076
  }
}