{
  "dataset": "fs_static",
  "temp": 0.5,
  "num_images": 30,
  "anomaly_frac": 0.01373011780073849,
  "msp": {
    "AuPRC": 83.43111135819036,
    "FPR95": 8.955707219132279
  },
  "max_logit": {
    "AuPRC": 83.50825546336837,
    "FPR95": 8.638561887819657
  },
  "max_entropy": {
    "AuPRC": 83.26385475439952,
    "FPR95": 8.120578814983018
  },
  "rba": {
    "AuPRC": 83.545956854249,
    "FPR95": 7.674052692735454
  }
}