{
  "dataset": "RoadAnomaly",
  "temp": 1.5,
  "num_images": 60,
  "anomaly_frac": 0.09849560546875,
  "msp": {
    "AuPRC": 53.3171951841745,
    "FPR95": 82.56296085261448
  },
  "max_logit": {
    "AuPRC": 51.079115837240565,
    "FPR95": 85.6137123061822
  },
  "max_entropy": {
    "AuPRC": 51.13728683963576,
    "FPR95": 83.87030969785167
  },
  "rba": {
    "AuPRC": 24.84915603997848,
    "FPR95": 96.34109907470247
  }
}