{
  "dataset": "FS_LostFound_full",
  "temp": 0.25,
  "num_images": 100,
  "anomaly_frac": 0.0027995798473387816,
  "msp": {
    "AuPRC": 39.294307176810726,
    "FPR95": 18.85787622007339
  },
  "max_logit": {
    "AuPRC": 39.28249680095679,
    "FPR95": 19.988138864342105
  },
  "max_entropy": {
    "AuPRC": 37.94881145519692,
    "FPR95": 20.393051286316794
  },
  "rba": {
    "AuPRC": 38.348769233513984,
    "FPR95": 84.6546904194693
  }
}