{
  "dataset": "RoadObsticle21",
  "temp": 2.0,
  "num_images": 30,
  "anomaly_frac": 0.00674684569809698,
  "msp": {
    "AuPRC": 33.73811077321274,
    "FPR95": 99.95496742675272
  },
  "max_logit": {
    "AuPRC": 24.921350496026207,
    "FPR95": 99.98313110372199
  },
  "max_entropy": {
    "AuPRC": 27.939328418889914,
    "FPR95": 99.9688582274731
  },
  "rba": {
    "AuPRC": 0.798206041671158,
    "FPR95": 99.9978122250561
  }
}