{
  "dataset": "RoadAnomaly21",
  "temp": 0.25,
  "num_images": 10,
  "anomaly_frac": 0.14806624281499925,
  "msp": {
    "AuPRC": 81.4132706650254,
    "FPR95": 99.21821370461717
  },
  "max_logit": {
    "AuPRC": 81.43576772022007,
    "FPR95": 99.20951751312677
  },
  "max_entropy": {
    "AuPRC": 80.14316402711344,
    "FPR95": 99.21011133500394
  },
  "rba": {
    "AuPRC": 78.81765431920799,
    "FPR95": 93.85137034295192
  }
}