{
  "dataset": "FS_LostFound_full",
  "temp": 1.0,
  "num_images": 100,
  "anomaly_frac": 0.0027995798473387816,
  "msp": {
    "AuPRC": 43.65550184964594,
    "FPR95": 15.200573609523287
  },
  "max_logit": {
    "AuPRC": 43.25900982867337,
    "FPR95": 19.07827594871453
  },
  "max_entropy": {
    "AuPRC": 43.876455661993674,
    "FPR95": 20.572231969884207
  },
  "rba": {
    "AuPRC": 37.49573266436013,
    "FPR95": 89.77283205137839
  }
}