{
  "dataset": "fs_static",
  "temp": 1.5,
  "num_images": 30,
  "anomaly_frac": 0.01373011780073849,
  "msp": {
    "AuPRC": 67.805907411546,
    "FPR95": 8.084194684157808
  },
  "max_logit": {
    "AuPRC": 65.83230819052926,
    "FPR95": 8.89321089412904
  },
  "max_entropy": {
    "AuPRC": 65.80033809570827,
    "FPR95": 6.731248546392685
  },
  "rba": {
    "AuPRC": 28.065242530424623,
    "FPR95": 91.2129520892169
  }
}