{
  "dataset": "RoadAnomaly21",
  "temp": 1.5,
  "num_images": 10,
  "anomaly_frac": 0.14806624281499925,
  "msp": {
    "AuPRC": 64.652491101892,
    "FPR95": 26.35099095675261
  },
  "max_logit": {
    "AuPRC": 61.67936517259057,
    "FPR95": 27.856329415428547
  },
  "max_entropy": {
    "AuPRC": 62.7350040121852,
    "FPR95": 26.527540798861978
  },
  "rba": {
    "AuPRC": 18.680544239694004,
    "FPR95": 97.72599211140627
  }
}