{
  "dataset": "FS_LostFound_full",
  "temp": 0.75,
  "num_images": 100,
  "anomaly_frac": 0.0027995798473387816,
  "msp": {
    "AuPRC": 45.08987748876353,
    "FPR95": 14.857837993230888
  },
  "max_logit": {
    "AuPRC": 44.93368105657494,
    "FPR95": 15.803595584832605
  },
  "max_entropy": {
    "AuPRC": 46.14742415794572,
    "FPR95": 16.678241492834843
  },
  "rba": {
    "AuPRC": 42.9644854046068,
    "FPR95": 85.13352570259103
  }
}