{
  "dataset": "RoadObsticle21",
  "temp": 0.5,
  "num_images": 30,
  "anomaly_frac": 0.00674684569809698,
  "msp": {
    "AuPRC": 87.06038277719081,
    "FPR95": 0.9286162532836252
  },
  "max_logit": {
    "AuPRC": 87.08193735775588,
    "FPR95": 0.9057335928655508
  },
  "max_entropy": {
    "AuPRC": 86.41802220085373,
    "FPR95": 0.8634226535197792
  },
  "rba": {
    "AuPRC": 84.5296894216832,
    "FPR95": 0.8099530151778195
  }
}