{
  "dataset": "RoadAnomaly21",
  "temp": 2.5,
  "num_images": 10,
  "anomaly_frac": 0.14806624281499925,
  "msp": {
    "AuPRC": 49.89747155602055,
    "FPR95": 85.53498732520193
  },
  "max_logit": {
    "AuPRC": 34.20592787267685,
    "FPR95": 88.20229004107928
  },
  "max_entropy": {
    "AuPRC": 39.064286249211186,
    "FPR95": 83.85907683131369
  },
  "rba": {
    "AuPRC": 9.034985121436701,
    "FPR95": 96.64144903094868
  }
}