{
  "dataset": "RoadAnomaly",
  "temp": 0.75,
  "num_images": 60,
  "anomaly_frac": 0.09849560546875,
  "msp": {
    "AuPRC": 62.42901072087302,
    "FPR95": 32.87462140859863
  },
  "max_logit": {
    "AuPRC": 62.08628110981134,
    "FPR95": 32.08363391255378
  },
  "max_entropy": {
    "AuPRC": 61.87533313919727,
    "FPR95": 31.028588060318334
  },
  "rba": {
    "AuPRC": 57.87547552446692,
    "FPR95": 80.91201638240253
  }
}