{
  "dataset": "fs_static",
  "temp": 0.25,
  "num_images": 30,
  "anomaly_frac": 0.01373011780073849,
  "msp": {
    "AuPRC": 76.32622403998539,
    "FPR95": 8.767693719698025
  },
  "max_logit": {
    "AuPRC": 76.38132938567563,
    "FPR95": 8.459518516225307
  },
  "max_entropy": {
    "AuPRC": 68.02486026292088,
    "FPR95": 8.023372656321296
  },
  "rba": {
    "AuPRC": 76.39210554868029,
    "FPR95": 8.24915571522383
  }
}