{
  "dataset": "RoadAnomaly21",
  "temp": 0.75,
  "num_images": 10,
  "anomaly_frac": 0.14806624281499925,
  "msp": {
    "AuPRC": 76.1483727989409,
    "FPR95": 97.143413261758
  },
  "max_logit": {
    "AuPRC": 76.08820327148678,
    "FPR95": 97.08911155009943
  },
  "max_entropy": {
    "AuPRC": 76.50652975507579,
    "FPR95": 96.82785631621938
  },
  "rba": {
    "AuPRC": 67.668651573903,
    "FPR95": 94.23480772707418
  }
}