{
  "dataset": "FS_LostFound_full",
  "temp": 2.5,
  "num_images": 100,
  "anomaly_frac": 0.0027995798473387816,
  "msp": {
    "AuPRC": 32.919125509216755,
    "FPR95": 72.89779167339438
  },
  "max_logit": {
    "AuPRC": 25.973214197054723,
    "FPR95": 82.37796985655953
  },
  "max_entropy": {
    "AuPRC": 28.127892786168918,
    "FPR95": 81.88150696795876
  },
  "rba": {
    "AuPRC": 1.7356676520878886,
    "FPR95": 97.81352863942814
  }
}