{
  "dataset": "RoadAnomaly21",
  "temp": 2.0,
  "num_images": 10,
  "anomaly_frac": 0.14806624281499925,
  "msp": {
    "AuPRC": 56.770000158947035,
    "FPR95": 43.238137088398965
  },
  "max_logit": {
    "AuPRC": 47.70282262602995,
    "FPR95": 72.23951343554987
  },
  "max_entropy": {
    "AuPRC": 50.74456235456219,
    "FPR95": 46.68903395737415
  },
  "rba": {
    "AuPRC": 9.123170334115635,
    "FPR95": 97.05880024227933
  }
}