{
  "dataset": "RoadAnomaly",
  "temp": 0.25,
  "num_images": 60,
  "anomaly_frac": 0.09849560546875,
  "msp": {
    "AuPRC": 55.23987098085327,
    "FPR95": 48.238253207594276
  },
  "max_logit": {
    "AuPRC": 55.535843562813156,
    "FPR95": 48.60968456970366
  },
  "max_entropy": {
    "AuPRC": 48.60804443868151,
    "FPR95": 46.907156923887854
  },
  "rba": {
    "AuPRC": 55.249619427091915,
    "FPR95": 37.68292804512102
  }
}