{
  "dataset": "RoadObsticle21",
  "temp": 1.5,
  "num_images": 30,
  "anomaly_frac": 0.00674684569809698,
  "msp": {
    "AuPRC": 55.12311159278108,
    "FPR95": 3.2634117669841736
  },
  "max_logit": {
    "AuPRC": 50.50136428863598,
    "FPR95": 8.670701663389366
  },
  "max_entropy": {
    "AuPRC": 50.06070608492054,
    "FPR95": 6.274857807713424
  },
  "rba": {
    "AuPRC": 5.932495694894879,
    "FPR95": 99.99688058883595
  }
}