{
  "dataset": "RoadObsticle21",
  "temp": 0.75,
  "num_images": 30,
  "anomaly_frac": 0.00674684569809698,
  "msp": {
    "AuPRC": 81.40358980993503,
    "FPR95": 0.846506652039629
  },
  "max_logit": {
    "AuPRC": 81.20385308183484,
    "FPR95": 0.9186351843409747
  },
  "max_entropy": {
    "AuPRC": 80.27782702987123,
    "FPR95": 0.8783393008645899
  },
  "rba": {
    "AuPRC": 73.83005796360528,
    "FPR95": 1.0097994522188383
  }
}