{
  "dataset": "fs_static",
  "temp": 2.0,
  "num_images": 30,
  "anomaly_frac": 0.01373011780073849,
  "msp": {
    "AuPRC": 58.72627939084195,
    "FPR95": 8.45615281783453
  },
  "max_logit": {
    "AuPRC": 53.61283001551793,
    "FPR95": 13.56606215986919
  },
  "max_entropy": {
    "AuPRC": 54.58647806222767,
    "FPR95": 8.126494918365564
  },
  "rba": {
    "AuPRC": 3.331363464979964,
    "FPR95": 96.44203680131778
  }
}