{
  "dataset": "fs_static",
  "temp": 2.5,
  "num_images": 30,
  "anomaly_frac": 0.01373011780073849,
  "msp": {
    "AuPRC": 51.48129577600632,
    "FPR95": 9.100502566615837
  },
  "max_logit": {
    "AuPRC": 42.84809336613327,
    "FPR95": 67.49572883181911
  },
  "max_entropy": {
    "AuPRC": 45.34104666134166,
    "FPR95": 26.962915781104098
  },
  "rba": {
    "AuPRC": 1.1705400448379972,
    "FPR95": 97.34605274655623
  }
}