{
  "dataset": "FS_LostFound_full",
  "temp": 0.5,
  "num_images": 100,
  "anomaly_frac": 0.0027995798473387816,
  "msp": {
    "AuPRC": 46.056675965206026,
    "FPR95": 15.59011359813893
  },
  "max_logit": {
    "AuPRC": 46.064406123846055,
    "FPR95": 16.27023166218869
  },
  "max_entropy": {
    "AuPRC": 46.69418555673234,
    "FPR95": 15.910820585018332
  },
  "rba": {
    "AuPRC": 45.11570389051568,
    "FPR95": 83.6839825251138
  }
}