{
  "dataset": "RoadAnomaly",
  "temp": 1.0,
  "num_images": 60,
  "anomaly_frac": 0.09849560546875,
  "msp": {
    "AuPRC": 59.52046433806262,
    "FPR95": 32.932700124476455
  },
  "max_logit": {
    "AuPRC": 58.615483133875635,
    "FPR95": 33.047900677692674
  },
  "max_entropy": {
    "AuPRC": 58.55313611680264,
    "FPR95": 33.090745566257155
  },
  "rba": {
    "AuPRC": 50.9817069040796,
    "FPR95": 83.78145439800736
  }
}