{
  "dataset": "RoadObsticle21",
  "temp": 1.0,
  "num_images": 30,
  "anomaly_frac": 0.00674684569809698,
  "msp": {
    "AuPRC": 73.50318280778193,
    "FPR95": 0.969100557568576
  },
  "max_logit": {
    "AuPRC": 72.49850736411136,
    "FPR95": 0.9571253684019352
  },
  "max_entropy": {
    "AuPRC": 71.58204510123491,
    "FPR95": 0.8776484245665144
  },
  "rba": {
    "AuPRC": 54.49693116050112,
    "FPR95": 92.96773764705328
  }
}