{
  "dataset": "RoadAnomaly",
  "temp": 0.5,
  "num_images": 60,
  "anomaly_frac": 0.09849560546875,
  "msp": {
    "AuPRC": 63.29720703142766,
    "FPR95": 35.02352185987017
  },
  "max_logit": {
    "AuPRC": 63.27409575081423,
    "FPR95": 33.888421181904675
  },
  "max_entropy": {
    "AuPRC": 58.82498796082347,
    "FPR95": 32.81802916441414
  },
  "rba": {
    "AuPRC": 62.13741914406433,
    "FPR95": 25.450287080613126
  }
}