{
  "dataset": "RoadObsticle21",
  "temp": 2.5,
  "num_images": 30,
  "anomaly_frac": 0.00674684569809698,
  "msp": {
    "AuPRC": 17.543964509358492,
    "FPR95": 99.98383244784277
  },
  "max_logit": {
    "AuPRC": 10.53747382680661,
    "FPR95": 99.99767090944967
  },
  "max_entropy": {
    "AuPRC": 12.87236314023382,
    "FPR95": 99.99134834454001
  },
  "rba": {
    "AuPRC": 0.387015928134541,
    "FPR95": 99.9980163475987
  }
}