{
  "dataset": "FS_LostFound_full",
  "temp": 1.5,
  "num_images": 100,
  "anomaly_frac": 0.0027995798473387816,
  "msp": {
    "AuPRC": 40.02493958463298,
    "FPR95": 22.983846149795244
  },
  "max_logit": {
    "AuPRC": 38.45534339928018,
    "FPR95": 52.87252387155819
  },
  "max_entropy": {
    "AuPRC": 39.12670809858398,
    "FPR95": 59.19235544963841
  },
  "rba": {
    "AuPRC": 13.024541772531794,
    "FPR95": 97.04819422132393
  }
}