{
  "dataset": "RoadObsticle21",
  "temp": 0.25,
  "num_images": 30,
  "anomaly_frac": 0.00674684569809698,
  "msp": {
    "AuPRC": 91.1876947604758,
    "FPR95": 0.9254863742968895
  },
  "max_logit": {
    "AuPRC": 91.27160006170818,
    "FPR95": 0.8983171404839378
  },
  "max_entropy": {
    "AuPRC": 90.7693398974471,
    "FPR95": 0.8537870227261664
  },
  "rba": {
    "AuPRC": 90.8267592172578,
    "FPR95": 0.7563472951407844
  }
}