{
  "dataset": "FS_LostFound_full",
  "temp": 2.0,
  "num_images": 100,
  "anomaly_frac": 0.0027995798473387816,
  "msp": {
    "AuPRC": 36.30032375742026,
    "FPR95": 51.57008056977085
  },
  "max_logit": {
    "AuPRC": 32.338555542929214,
    "FPR95": 76.57176798159169
  },
  "max_entropy": {
    "AuPRC": 33.60283880083211,
    "FPR95": 77.3498023629925
  },
  "rba": {
    "AuPRC": 2.5203423933299574,
    "FPR95": 97.6974622125546
  }
}