{
  "dataset": "RoadAnomaly",
  "temp": 2.5,
  "num_images": 60,
  "anomaly_frac": 0.09849560546875,
  "msp": {
    "AuPRC": 41.58410695688271,
    "FPR95": 78.08433197249958
  },
  "max_logit": {
    "AuPRC": 31.57253646338113,
    "FPR95": 86.09930509554673
  },
  "max_entropy": {
    "AuPRC": 34.775670178916876,
    "FPR95": 80.5983086680337
  },
  "rba": {
    "AuPRC": 6.747222662305114,
    "FPR95": 97.80547830817535
  }
}