{
  "dataset": "fs_static",
  "temp": 1.0,
  "num_images": 30,
  "anomaly_frac": 0.01373011780073849,
  "msp": {
    "AuPRC": 79.07696226968139,
    "FPR95": 8.084865543294988
  },
  "max_logit": {
    "AuPRC": 78.76867095419743,
    "FPR95": 7.855629365264252
  },
  "max_entropy": {
    "AuPRC": 78.99570828213098,
    "FPR95": 6.989348771379454
  },
  "rba": {
    "AuPRC": 69.89441392961704,
    "FPR95": 79.01697243209851
  }
}