{
  "dataset": "RoadAnomaly21",
  "temp": 1.0,
  "num_images": 10,
  "anomaly_frac": 0.14806624281499925,
  "msp": {
    "AuPRC": 73.38968016891351,
    "FPR95": 28.77856118278761
  },
  "max_logit": {
    "AuPRC": 72.87563608011754,
    "FPR95": 31.857303283307136
  },
  "max_entropy": {
    "AuPRC": 73.39545503409633,
    "FPR95": 27.664036695552802
  },
  "rba": {
    "AuPRC": 56.54526186057174,
    "FPR95": 96.93965318163164
  }
}