{
  "dataset": "fs_static",
  "temp": 0.75,
  "num_images": 30,
  "anomaly_frac": 0.01373011780073849,
  "msp": {
    "AuPRC": 83.44060435896994,
    "FPR95": 8.499771964906884
  },
  "max_logit": {
    "AuPRC": 83.47741372894095,
    "FPR95": 8.199103542147647
  },
  "max_entropy": {
    "AuPRC": 83.51903873188989,
    "FPR95": 7.564301658253561
  },
  "rba": {
    "AuPRC": 80.89527669480962,
    "FPR95": 63.73853757345195
  }
}