{
  "dataset": "RoadAnomaly21",
  "temp": 0.5,
  "num_images": 10,
  "anomaly_frac": 0.14806624281499925,
  "msp": {
    "AuPRC": 80.85585958630017,
    "FPR95": 98.87223988292472
  },
  "max_logit": {
    "AuPRC": 80.7985876620998,
    "FPR95": 98.84765565720906
  },
  "max_entropy": {
    "AuPRC": 79.9076322790266,
    "FPR95": 98.82563146358618
  },
  "rba": {
    "AuPRC": 76.23960789157272,
    "FPR95": 92.57887604034293
  }
}