{
  "dataset": "RoadAnomaly",
  "temp": 2.0,
  "num_images": 60,
  "anomaly_frac": 0.09849560546875,
  "msp": {
    "AuPRC": 47.24185946552507,
    "FPR95": 82.30179118635427
  },
  "max_logit": {
    "AuPRC": 42.026434358066425,
    "FPR95": 84.19979086286111
  },
  "max_entropy": {
    "AuPRC": 43.227735985775176,
    "FPR95": 81.0820318330822
  },
  "rba": {
    "AuPRC": 8.941857487671918,
    "FPR95": 97.83586371538043
  }
}