{
  "dataset": "RoadObsticle21",
  "temp": 0.25,
  "num_images": 30,
  "anomaly_frac": 0.00674684569809698,
  "msp": {
    "AuPRC": 95.88893653199372,
    "FPR95": 0.29175915424179727
  },
  "max_logit": {
    "AuPRC": 95.92762904464884,
    "FPR95": 0.2860227874032315
  },
  "max_entropy": {
    "AuPRC": 95.84976861948327,
    "FPR95": 0.2786743758691564
  },
  "rba": {
    "AuPRC": 96.31254867084719,
    "FPR95": 0.21299925626119728
  }
}