{
  "dataset": "RoadAnomaly",
  "temp": 1.5,
  "num_images": 60,
  "anomaly_frac": 0.09849560546875,
  "msp": {
    "AuPRC": 58.803458010187825,
    "FPR95": 21.687896832525414
  },
  "max_logit": {
    "AuPRC": 57.40207293443934,
    "FPR95": 21.052844429784344
  },
  "max_entropy": {
    "AuPRC": 58.58648734011129,
    "FPR95": 19.92887523822414
  },
  "rba": {
    "AuPRC": 40.8087266444287,
    "FPR95": 87.48549712157093
  }
}