{
  "dataset": "RoadAnomaly",
  "temp": 1.0,
  "num_images": 60,
  "anomaly_frac": 0.09849560546875,
  "msp": {
    "AuPRC": 62.07824326272037,
    "FPR95": 24.92401190806255
  },
  "max_logit": {
    "AuPRC": 61.468697564504396,
    "FPR95": 24.28823933887356
  },
  "max_entropy": {
    "AuPRC": 63.108248450723835,
    "FPR95": 23.841537543731306
  },
  "rba": {
    "AuPRC": 58.885027182618956,
    "FPR95": 18.975210366336636
  }
}