{
  "dataset": "RoadAnomaly21",
  "temp": 1.5,
  "num_images": 10,
  "anomaly_frac": 0.14806624281499925,
  "msp": {
    "AuPRC": 65.25662583034833,
    "FPR95": 50.20538319325735
  },
  "max_logit": {
    "AuPRC": 61.810601054112,
    "FPR95": 77.71321834302583
  },
  "max_entropy": {
    "AuPRC": 61.52150508370625,
    "FPR95": 78.73975162410284
  },
  "rba": {
    "AuPRC": 25.259096518727826,
    "FPR95": 94.98636189088721
  }
}