{
  "dataset": "FS_LostFound_full",
  "temp": 2.5,
  "num_images": 100,
  "anomaly_frac": 0.0027995798473387816,
  "msp": {
    "AuPRC": 24.54620330808773,
    "FPR95": 38.67293635470523
  },
  "max_logit": {
    "AuPRC": 20.495213530165262,
    "FPR95": 52.040959568037614
  },
  "max_entropy": {
    "AuPRC": 22.577476059721093,
    "FPR95": 44.10181625461767
  },
  "rba": {
    "AuPRC": 2.4155420361073454,
    "FPR95": 97.2812950887488
  }
}