{
  "dataset": "RoadObsticle21",
  "temp": 1.0,
  "num_images": 30,
  "anomaly_frac": 0.00674684569809698,
  "msp": {
    "AuPRC": 94.17152829260581,
    "FPR95": 0.3065083164234381
  },
  "max_logit": {
    "AuPRC": 94.19991497374788,
    "FPR95": 0.3029440227947307
  },
  "max_entropy": {
    "AuPRC": 94.48719304321759,
    "FPR95": 0.2822124999411185
  },
  "rba": {
    "AuPRC": 92.17050868530792,
    "FPR95": 0.3516455678977
  }
}