{
  "dataset": "RoadAnomaly21",
  "temp": 1.0,
  "num_images": 10,
  "anomaly_frac": 0.14806624281499925,
  "msp": {
    "AuPRC": 67.1483061934027,
    "FPR95": 39.9899314201712
  },
  "max_logit": {
    "AuPRC": 64.66885160717185,
    "FPR95": 81.16258447116202
  },
  "max_entropy": {
    "AuPRC": 65.18937372897125,
    "FPR95": 81.41539423834426
  },
  "rba": {
    "AuPRC": 49.068063631060724,
    "FPR95": 98.38762844697104
  }
}