{
  "dataset": "FS_LostFound_full",
  "temp": 0.25,
  "num_images": 100,
  "anomaly_frac": 0.0027995798473387816,
  "msp": {
    "AuPRC": 40.52719224469932,
    "FPR95": 47.15727178927672
  },
  "max_logit": {
    "AuPRC": 40.76228981221413,
    "FPR95": 52.33573472038311
  },
  "max_entropy": {
    "AuPRC": 40.46253287438267,
    "FPR95": 50.507742275662274
  },
  "rba": {
    "AuPRC": 42.85611997455991,
    "FPR95": 68.7449254219223
  }
}