{
  "dataset": "RoadAnomaly",
  "temp": 2.5,
  "num_images": 60,
  "anomaly_frac": 0.09849560546875,
  "msp": {
    "AuPRC": 49.16611325702455,
    "FPR95": 24.601864805820757
  },
  "max_logit": {
    "AuPRC": 40.194618310665916,
    "FPR95": 74.31735592914742
  },
  "max_entropy": {
    "AuPRC": 43.05604255793129,
    "FPR95": 55.90051528410858
  },
  "rba": {
    "AuPRC": 7.037411799492718,
    "FPR95": 96.83776316943208
  }
}