{
  "dataset": "RoadAnomaly",
  "temp": 0.25,
  "num_images": 60,
  "anomaly_frac": 0.09849560546875,
  "msp": {
    "AuPRC": 56.64681523106619,
    "FPR95": 42.89132626113833
  },
  "max_logit": {
    "AuPRC": 57.06891400091756,
    "FPR95": 41.38472400984987
  },
  "max_entropy": {
    "AuPRC": 51.62114662001731,
    "FPR95": 40.535635731545774
  },
  "rba": {
    "AuPRC": 57.17804604194999,
    "FPR95": 31.964385181365696
  }
}