{
  "dataset": "RoadAnomaly21",
  "temp": 0.25,
  "num_images": 10,
  "anomaly_frac": 0.14806624281499925,
  "msp": {
    "AuPRC": 68.30466555138534,
    "FPR95": 59.05690529068901
  },
  "max_logit": {
    "AuPRC": 65.96287917105724,
    "FPR95": 98.02104240811926
  },
  "max_entropy": {
    "AuPRC": 66.23500150392327,
    "FPR95": 60.11372348750269
  },
  "rba": {
    "AuPRC": 59.82638490427553,
    "FPR95": 99.53160649931446
  }
}