{
  "dataset": "fs_static",
  "temp": 1.5,
  "num_images": 30,
  "anomaly_frac": 0.01373011780073849,
  "msp": {
    "AuPRC": 79.42784377800045,
    "FPR95": 4.309460364330865
  },
  "max_logit": {
    "AuPRC": 78.48591676098617,
    "FPR95": 4.243674358969388
  },
  "max_entropy": {
    "AuPRC": 78.9812368951722,
    "FPR95": 3.485867696619786
  },
  "rba": {
    "AuPRC": 60.60416521980757,
    "FPR95": 90.31120908315145
  }
}