{
  "dataset": "FS_LostFound_full",
  "temp": 0.5,
  "num_images": 100,
  "anomaly_frac": 0.0027995798473387816,
  "msp": {
    "AuPRC": 39.30441549999724,
    "FPR95": 35.45774386962287
  },
  "max_logit": {
    "AuPRC": 39.60704471304857,
    "FPR95": 34.57605738126475
  },
  "max_entropy": {
    "AuPRC": 40.21853328260215,
    "FPR95": 34.08756605885203
  },
  "rba": {
    "AuPRC": 42.42060604258025,
    "FPR95": 32.65626409115235
  }
}