{
  "dataset": "RoadObsticle21",
  "temp": 0.5,
  "num_images": 30,
  "anomaly_frac": 0.00674684569809698,
  "msp": {
    "AuPRC": 95.80649424321949,
    "FPR95": 0.29219880279511806
  },
  "max_logit": {
    "AuPRC": 95.85518609918245,
    "FPR95": 0.28562501014070324
  },
  "max_entropy": {
    "AuPRC": 95.83207577834233,
    "FPR95": 0.2779677978370338
  },
  "rba": {
    "AuPRC": 96.31984565852034,
    "FPR95": 0.20368812797122607
  }
}