{
  "dataset": "RoadAnomaly21",
  "temp": 2.5,
  "num_images": 10,
  "anomaly_frac": 0.14806624281499925,
  "msp": {
    "AuPRC": 53.37601894754746,
    "FPR95": 53.72336873831326
  },
  "max_logit": {
    "AuPRC": 42.452705289716114,
    "FPR95": 73.841262174998
  },
  "max_entropy": {
    "AuPRC": 44.69388568417173,
    "FPR95": 66.43068185267147
  },
  "rba": {
    "AuPRC": 9.129070887567572,
    "FPR95": 95.50657624738884
  }
}