{
  "dataset": "FS_LostFound_full",
  "temp": 2.0,
  "num_images": 100,
  "anomaly_frac": 0.0027995798473387816,
  "msp": {
    "AuPRC": 27.83668019324596,
    "FPR95": 21.542722399114755
  },
  "max_logit": {
    "AuPRC": 26.13846969949399,
    "FPR95": 37.20486985053164
  },
  "max_entropy": {
    "AuPRC": 27.97935161811908,
    "FPR95": 35.54112705144844
  },
  "rba": {
    "AuPRC": 5.072883596842763,
    "FPR95": 96.40530030922835
  }
}