{
  "dataset": "RoadObsticle21",
  "temp": 0.75,
  "num_images": 30,
  "anomaly_frac": 0.00674684569809698,
  "msp": {
    "AuPRC": 95.26202421127851,
    "FPR95": 0.2935177484550802
  },
  "max_logit": {
    "AuPRC": 95.30898849040389,
    "FPR95": 0.28680787410559
  },
  "max_entropy": {
    "AuPRC": 95.5195442264158,
    "FPR95": 0.27699429032610934
  },
  "rba": {
    "AuPRC": 95.62567313617319,
    "FPR95": 0.20397599309542416
  }
}