{
  "dataset": "fs_static",
  "temp": 0.75,
  "num_images": 30,
  "anomaly_frac": 0.01373011780073849,
  "msp": {
    "AuPRC": 87.51491452538997,
    "FPR95": 4.830533570190319
  },
  "max_logit": {
    "AuPRC": 87.63012718638154,
    "FPR95": 4.599290516100487
  },
  "max_entropy": {
    "AuPRC": 87.33736513802538,
    "FPR95": 4.069311797728786
  },
  "rba": {
    "AuPRC": 88.27735868076154,
    "FPR95": 2.6333026562563013
  }
}