{
  "dataset": "fs_static",
  "temp": 2.0,
  "num_images": 30,
  "anomaly_frac": 0.01373011780073849,
  "msp": {
    "AuPRC": 72.01500149240988,
    "FPR95": 4.321967231134766
  },
  "max_logit": {
    "AuPRC": 68.84468340278282,
    "FPR95": 4.81651394453884
  },
  "max_entropy": {
    "AuPRC": 70.15914858768153,
    "FPR95": 3.8926819986676318
  },
  "rba": {
    "AuPRC": 25.973391992236767,
    "FPR95": 95.57529819878692
  }
}