{
  "dataset": "fs_static",
  "temp": 2.5,
  "num_images": 30,
  "anomaly_frac": 0.01373011780073849,
  "msp": {
    "AuPRC": 65.84030181157196,
    "FPR95": 4.64229201665844
  },
  "max_logit": {
    "AuPRC": 59.403088661903205,
    "FPR95": 7.372610786495108
  },
  "max_entropy": {
    "AuPRC": 62.18593502073963,
    "FPR95": 5.536836115042194
  },
  "rba": {
    "AuPRC": 6.692028613520506,
    "FPR95": 96.58449079339907
  }
}