{
  "dataset": "RoadAnomaly",
  "temp": 0.5,
  "num_images": 60,
  "anomaly_frac": 0.09849560546875,
  "msp": {
    "AuPRC": 64.0818457255423,
    "FPR95": 32.99710587371567
  },
  "max_logit": {
    "AuPRC": 64.12703977845896,
    "FPR95": 31.552797017154827
  },
  "max_entropy": {
    "AuPRC": 60.15972842047288,
    "FPR95": 30.91739757041518
  },
  "rba": {
    "AuPRC": 64.49849224152773,
    "FPR95": 23.75151272567213
  }
}