{
  "dataset": "RoadAnomaly21",
  "temp": 0.5,
  "num_images": 10,
  "anomaly_frac": 0.14806624281499925,
  "msp": {
    "AuPRC": 69.4814945960754,
    "FPR95": 41.95403026908049
  },
  "max_logit": {
    "AuPRC": 67.64497910863865,
    "FPR95": 62.12770337409591
  },
  "max_entropy": {
    "AuPRC": 67.46434719437096,
    "FPR95": 44.323854616569214
  },
  "rba": {
    "AuPRC": 57.943827613258804,
    "FPR95": 99.2339169942584
  }
}