{
  "dataset": "RoadObsticle21",
  "temp": 2.5,
  "num_images": 30,
  "anomaly_frac": 0.00674684569809698,
  "msp": {
    "AuPRC": 54.22679619165092,
    "FPR95": 99.96320560321614
  },
  "max_logit": {
    "AuPRC": 40.47605297539666,
    "FPR95": 99.98626621662008
  },
  "max_entropy": {
    "AuPRC": 45.14918570278611,
    "FPR95": 99.97529593843245
  },
  "rba": {
    "AuPRC": 0.5075983653477723,
    "FPR95": 99.99794307283982
  }
}