{
  "dataset": "FS_LostFound_full",
  "temp": 1.5,
  "num_images": 100,
  "anomaly_frac": 0.0027995798473387816,
  "msp": {
    "AuPRC": 31.73788249924044,
    "FPR95": 14.90922970420323
  },
  "max_logit": {
    "AuPRC": 31.497141547212415,
    "FPR95": 16.874177570407216
  },
  "max_entropy": {
    "AuPRC": 32.98334480198938,
    "FPR95": 16.475367690033252
  },
  "rba": {
    "AuPRC": 20.671765926350393,
    "FPR95": 91.5023703933716
  }
}