{
  "dataset": "RoadAnomaly",
  "temp": 0.75,
  "num_images": 60,
  "anomaly_frac": 0.09849560546875,
  "msp": {
    "AuPRC": 64.02604863885584,
    "FPR95": 27.344840389550267
  },
  "max_logit": {
    "AuPRC": 63.80477055947162,
    "FPR95": 26.42637340205045
  },
  "max_entropy": {
    "AuPRC": 62.76570058818831,
    "FPR95": 26.307740523507245
  },
  "rba": {
    "AuPRC": 62.35611031945763,
    "FPR95": 20.791131128127503
  }
}