{
  "dataset": "FS_LostFound_full",
  "temp": 1.0,
  "num_images": 100,
  "anomaly_frac": 0.0027995798473387816,
  "msp": {
    "AuPRC": 35.34674287953074,
    "FPR95": 19.099440595063573
  },
  "max_logit": {
    "AuPRC": 35.63144900529006,
    "FPR95": 17.925208265762414
  },
  "max_entropy": {
    "AuPRC": 37.16451023606234,
    "FPR95": 17.412605350685904
  },
  "rba": {
    "AuPRC": 36.4589592157424,
    "FPR95": 78.59245274706178
  }
}