{
  "dataset": "RoadAnomaly21",
  "temp": 2.0,
  "num_images": 10,
  "anomaly_frac": 0.14806624281499925,
  "msp": {
    "AuPRC": 61.99281321122652,
    "FPR95": 53.80046001401419
  },
  "max_logit": {
    "AuPRC": 55.96784879635588,
    "FPR95": 74.5905598156777
  },
  "max_entropy": {
    "AuPRC": 56.04870761694083,
    "FPR95": 69.04513442147893
  },
  "rba": {
    "AuPRC": 9.36642383350363,
    "FPR95": 94.87618813860594
  }
}