{
  "dataset": "RoadAnomaly21",
  "temp": 0.75,
  "num_images": 10,
  "anomaly_frac": 0.14806624281499925,
  "msp": {
    "AuPRC": 69.140605876674,
    "FPR95": 39.61303927273975
  },
  "max_logit": {
    "AuPRC": 67.0327526894402,
    "FPR95": 64.96066919766747
  },
  "max_entropy": {
    "AuPRC": 66.94247663326198,
    "FPR95": 45.27530242028601
  },
  "rba": {
    "AuPRC": 54.23613156521687,
    "FPR95": 98.93707203587212
  }
}