{
  "dataset": "RoadObsticle21",
  "temp": 1.5,
  "num_images": 30,
  "anomaly_frac": 0.00674684569809698,
  "msp": {
    "AuPRC": 86.09130458569463,
    "FPR95": 0.5552551871986903
  },
  "max_logit": {
    "AuPRC": 84.54415753494001,
    "FPR95": 0.603072201283669
  },
  "max_entropy": {
    "AuPRC": 85.12746453304261,
    "FPR95": 0.4996239434695703
  },
  "rba": {
    "AuPRC": 54.857582694531004,
    "FPR95": 99.99318544742353
  }
}