{
  "dataset": "fs_static",
  "temp": 0.5,
  "num_images": 30,
  "anomaly_frac": 0.01373011780073849,
  "msp": {
    "AuPRC": 87.76592220826234,
    "FPR95": 4.886655783164947
  },
  "max_logit": {
    "AuPRC": 87.88165167576993,
    "FPR95": 4.657212455995537
  },
  "max_entropy": {
    "AuPRC": 87.24712425973865,
    "FPR95": 4.159083392807942
  },
  "rba": {
    "AuPRC": 88.92351769226782,
    "FPR95": 2.66962217175385
  }
}