{
  "dataset": "RoadAnomaly",
  "temp": 2.0,
  "num_images": 60,
  "anomaly_frac": 0.09849560546875,
  "msp": {
    "AuPRC": 54.648595526140156,
    "FPR95": 21.05967898991821
  },
  "max_logit": {
    "AuPRC": 50.60516803400786,
    "FPR95": 23.992507701217264
  },
  "max_entropy": {
    "AuPRC": 52.14760968965479,
    "FPR95": 20.59608838885666
  },
  "rba": {
    "AuPRC": 10.218672755258856,
    "FPR95": 95.51886959464679
  }
}