{
  "dataset": "FS_LostFound_full",
  "temp": 0.75,
  "num_images": 100,
  "anomaly_frac": 0.0027995798473387816,
  "msp": {
    "AuPRC": 36.851947049891656,
    "FPR95": 23.59421315663536
  },
  "max_logit": {
    "AuPRC": 37.15701974038847,
    "FPR95": 24.035684404830633
  },
  "max_entropy": {
    "AuPRC": 39.29901148658638,
    "FPR95": 24.195869215862604
  },
  "rba": {
    "AuPRC": 39.993257604666425,
    "FPR95": 67.18914759219322
  }
}