{
  "dataset": "RoadObsticle21",
  "temp": 2.0,
  "num_images": 30,
  "anomaly_frac": 0.00674684569809698,
  "msp": {
    "AuPRC": 72.01358021670504,
    "FPR95": 50.138426487359844
  },
  "max_logit": {
    "AuPRC": 65.01460906352888,
    "FPR95": 99.97094655810139
  },
  "max_entropy": {
    "AuPRC": 67.16762617644142,
    "FPR95": 99.68775531673799
  },
  "rba": {
    "AuPRC": 7.220351733166488,
    "FPR95": 99.99780699114474
  }
}