{
  "dataset": "fs_static",
  "temp": 0.25,
  "num_images": 30,
  "anomaly_frac": 0.01373011780073849,
  "msp": {
    "AuPRC": 86.95793887924738,
    "FPR95": 4.902302194712817
  },
  "max_logit": {
    "AuPRC": 87.07606878238909,
    "FPR95": 4.684280576932776
  },
  "max_entropy": {
    "AuPRC": 83.65058030839958,
    "FPR95": 4.190725898853371
  },
  "rba": {
    "AuPRC": 88.14210383026055,
    "FPR95": 2.766028240623071
  }
}