{
  "dataset": "fs_static",
  "temp": 1.0,
  "num_images": 30,
  "anomaly_frac": 0.01373011780073849,
  "msp": {
    "AuPRC": 85.98486160206933,
    "FPR95": 4.692351791537877
  },
  "max_logit": {
    "AuPRC": 86.01415981731215,
    "FPR95": 4.471378773644411
  },
  "max_entropy": {
    "AuPRC": 86.28897690400736,
    "FPR95": 3.8703288961987834
  },
  "rba": {
    "AuPRC": 84.3671283388047,
    "FPR95": 3.821017898939879
  }
}