{
  "num_images": 500,
  "classes": [
    "road",
    "sidewalk",
    "building",
    "wall",
    "fence",
    "vegetation",
    "sky",
    "person",
    "car",
    "bus",
    "truck",
    "bicycle",
    "motorcycle",
    "train",
    "traffic light"
  ],
  "cityscapes_eomt_mIoU": 0.8582027662592989,
  "coco_eomt_mIoU": 0.6198352733550442,
  "cityscapes_eomt_IoU": {
    "road": 0.9852332867929341,
    "sidewalk": 0.8925222273016135,
    "building": 0.9523289078901463,
    "wall": 0.6718492020342782,
    "fence": 0.6782684774573228,
    "vegetation": 0.9482993867294252,
    "sky": 0.9583123467472754,
    "person": 0.8780988183307378,
    "car": 0.9591846091140989,
    "bus": 0.9071720326221363,
    "truck": 0.8223463202287296,
    "bicycle": 0.8541931242775037,
    "motorcycle": 0.781371144147937,
    "train": 0.7812868018032504,
    "traffic light": 0.802574808412094
  },
  "coco_eomt_IoU": {
    "road": 0.9791439433055348,
    "sidewalk": 0.0,
    "building": 0.901481474567786,
    "wall": 0.5338094673801081,
    "fence": 0.5405926572688678,
    "vegetation": 0.906762253924244,
    "sky": 0.8988710929695671,
    "person": 0.7885817845884222,
    "car": 0.8437385075500761,
    "bus": 0.7291101591852336,
    "truck": 0.2907690478671156,
    "bicycle": 0.723510660012247,
    "motorcycle": 0.6885783741769167,
    "train": 0.0,
    "traffic light": 0.4725796775295445
  }
}